"Erie St. Clair Health Integration Network, Ontario",Males,2005 to 2007,77.8
"Erie St. Clair Health Integration Network, Ontario",Males,2006 to 2008,77.8
"Erie St. Clair Health Integration Network, Ontario",Males,2007 to 2009,78.0
"Erie St. Clair Health Integration Network, Ontario",Males,2008 to 2010,78.2
"Erie St. Clair Health Integration Network, Ontario",Males,2009 to 2011,78.3
"Erie St. Clair Health Integration Network, Ontario",Males,2010 to 2012,78.5
"Erie St. Clair Health Integration Network, Ontario",Males,2011 to 2013,78.8
"Erie St. Clair Health Integration Network, Ontario",Males,2012 to 2014,78.9
"Erie St. Clair Health Integration Network, Ontario",Males,2013 to 2015,79.2
"Erie St. Clair Health Integration Network, Ontario",Males,2014 to 2016,79.2
"Erie St. Clair Health Integration Network, Ontario",Females,2005 to 2007,82.2
"Erie St. Clair Health Integration Network, Ontario",Females,2006 to 2008,82.1
"Erie St. Clair Health Integration Network, Ontario",Females,2007 to 2009,82.3
"Erie St. Clair Health Integration Network, Ontario",Females,2008 to 2010,82.7
"Erie St. Clair Health Integration Network, Ontario",Females,2009 to 2011,83.1
"Erie St. Clair Health Integration Network, Ontario",Females,2010 to 2012,83.3
"Erie St. Clair Health Integration Network, Ontario",Females,2011 to 2013,83.5
"Erie St. Clair Health Integration Network, Ontario",Females,2012 to 2014,83.4
"Erie St. Clair Health Integration Network, Ontario",Females,2013 to 2015,83.3
"Erie St. Clair Health Integration Network, Ontario",Females,2014 to 2016,83.4
"South West Health Integration Network, Ontario",Males,2005 to 2007,78.1
"South West Health Integration Network, Ontario",Males,2006 to 2008,78.2
"South West Health Integration Network, Ontario",Males,2007 to 2009,78.3
"South West Health Integration Network, Ontario",Males,2008 to 2010,78.5
"South West Health Integration Network, Ontario",Males,2009 to 2011,78.7
"South West Health Integration Network, Ontario",Males,2010 to 2012,78.9
"South West Health Integration Network, Ontario",Males,2011 to 2013,79.1
"South West Health Integration Network, Ontario",Males,2012 to 2014,79.2
"South West Health Integration Network, Ontario",Males,2013 to 2015,79.3
"South West Health Integration Network, Ontario",Males,2014 to 2016,79.5
"South West Health Integration Network, Ontario",Females,2005 to 2007,82.4
"South West Health Integration Network, Ontario",Females,2006 to 2008,82.4
"South West Health Integration Network, Ontario",Females,2007 to 2009,82.8
"South West Health Integration Network, Ontario",Females,2008 to 2010,83.1
"South West Health Integration Network, Ontario",Females,2009 to 2011,83.4
"South West Health Integration Network, Ontario",Females,2010 to 2012,83.6
"South West Health Integration Network, Ontario",Females,2011 to 2013,83.6
"South West Health Integration Network, Ontario",Females,2012 to 2014,83.5
"South West Health Integration Network, Ontario",Females,2013 to 2015,83.4
"South West Health Integration Network, Ontario",Females,2014 to 2016,83.6
"Waterloo Wellington Health Integration Network, Ontario",Males,2005 to 2007,79.3
"Waterloo Wellington Health Integration Network, Ontario",Males,2006 to 2008,79.2
"Waterloo Wellington Health Integration Network, Ontario",Males,2007 to 2009,79.4
"Waterloo Wellington Health Integration Network, Ontario",Males,2008 to 2010,79.6
"Waterloo Wellington Health Integration Network, Ontario",Males,2009 to 2011,79.9
"Waterloo Wellington Health Integration Network, Ontario",Males,2010 to 2012,80.1
"Waterloo Wellington Health Integration Network, Ontario",Males,2011 to 2013,80.1
"Waterloo Wellington Health Integration Network, Ontario",Males,2012 to 2014,80.1
"Waterloo Wellington Health Integration Network, Ontario",Males,2013 to 2015,80.2
"Waterloo Wellington Health Integration Network, Ontario",Males,2014 to 2016,80.3
"Waterloo Wellington Health Integration Network, Ontario",Females,2005 to 2007,83.4
"Waterloo Wellington Health Integration Network, Ontario",Females,2006 to 2008,83.4
"Waterloo Wellington Health Integration Network, Ontario",Females,2007 to 2009,83.6
"Waterloo Wellington Health Integration Network, Ontario",Females,2008 to 2010,83.7
"Waterloo Wellington Health Integration Network, Ontario",Females,2009 to 2011,83.9
"Waterloo Wellington Health Integration Network, Ontario",Females,2010 to 2012,84.0
"Waterloo Wellington Health Integration Network, Ontario",Females,2011 to 2013,84.1
"Waterloo Wellington Health Integration Network, Ontario",Females,2012 to 2014,84.0
"Waterloo Wellington Health Integration Network, Ontario",Females,2013 to 2015,84.0
"Waterloo Wellington Health Integration Network, Ontario",Females,2014 to 2016,83.9
"Hamilton Niagara Haldimand Brant Health Integration Network, Ontario",Males,2005 to 2007,77.7
"Hamilton Niagara Haldimand Brant Health Integration Network, Ontario",Males,2006 to 2008,77.6
"Hamilton Niagara Haldimand Brant Health Integration Network, Ontario",Males,2007 to 2009,77.8
"Hamilton Niagara Haldimand Brant Health Integration Network, Ontario",Males,2008 to 2010,78.1
"Hamilton Niagara Haldimand Brant Health Integration Network, Ontario",Males,2009 to 2011,78.5
"Hamilton Niagara Haldimand Brant Health Integration Network, Ontario",Males,2010 to 2012,78.7
"Hamilton Niagara Haldimand Brant Health Integration Network, Ontario",Males,2011 to 2013,78.9
"Hamilton Niagara Haldimand Brant Health Integration Network, Ontario",Males,2012 to 2014,79.0
"Hamilton Niagara Haldimand Brant Health Integration Network, Ontario",Males,2013 to 2015,79.1
"Hamilton Niagara Haldimand Brant Health Integration Network, Ontario",Males,2014 to 2016,79.2
"Hamilton Niagara Haldimand Brant Health Integration Network, Ontario",Females,2005 to 2007,82.4
"Hamilton Niagara Haldimand Brant Health Integration Network, Ontario",Females,2006 to 2008,82.5
"Hamilton Niagara Haldimand Brant Health Integration Network, Ontario",Females,2007 to 2009,82.5
"Hamilton Niagara Haldimand Brant Health Integration Network, Ontario",Females,2008 to 2010,82.7
"Hamilton Niagara Haldimand Brant Health Integration Network, Ontario",Females,2009 to 2011,83.1
"Hamilton Niagara Haldimand Brant Health Integration Network, Ontario",Females,2010 to 2012,83.3
"Hamilton Niagara Haldimand Brant Health Integration Network, Ontario",Females,2011 to 2013,83.6
"Hamilton Niagara Haldimand Brant Health Integration Network, Ontario",Females,2012 to 2014,83.5
"Hamilton Niagara Haldimand Brant Health Integration Network, Ontario",Females,2013 to 2015,83.4
"Hamilton Niagara Haldimand Brant Health Integration Network, Ontario",Females,2014 to 2016,83.4
"Central West Health Integration Network, Ontario",Males,2005 to 2007,81.3
"Central West Health Integration Network, Ontario",Males,2006 to 2008,81.1
"Central West Health Integration Network, Ontario",Males,2007 to 2009,81.3
"Central West Health Integration Network, Ontario",Males,2008 to 2010,81.4
"Central West Health Integration Network, Ontario",Males,2009 to 2011,81.9
"Central West Health Integration Network, Ontario",Males,2010 to 2012,82.3
"Central West Health Integration Network, Ontario",Males,2011 to 2013,82.6
"Central West Health Integration Network, Ontario",Males,2012 to 2014,82.7
"Central West Health Integration Network, Ontario",Males,2013 to 2015,82.9
"Central West Health Integration Network, Ontario",Males,2014 to 2016,83.0
"Central West Health Integration Network, Ontario",Females,2005 to 2007,85.5
"Central West Health Integration Network, Ontario",Females,2006 to 2008,85.5
"Central West Health Integration Network, Ontario",Females,2007 to 2009,85.7
"Central West Health Integration Network, Ontario",Females,2008 to 2010,85.9
"Central West Health Integration Network, Ontario",Females,2009 to 2011,86.4
"Central West Health Integration Network, Ontario",Females,2010 to 2012,86.6
"Central West Health Integration Network, Ontario",Females,2011 to 2013,86.8
"Central West Health Integration Network, Ontario",Females,2012 to 2014,86.8
"Central West Health Integration Network, Ontario",Females,2013 to 2015,86.9
"Central West Health Integration Network, Ontario",Females,2014 to 2016,86.9
"Mississauga Halton Health Integration Network, Ontario",Males,2005 to 2007,80.5
"Mississauga Halton Health Integration Network, Ontario",Males,2006 to 2008,80.6
"Mississauga Halton Health Integration Network, Ontario",Males,2007 to 2009,80.9
"Mississauga Halton Health Integration Network, Ontario",Males,2008 to 2010,81.3
"Mississauga Halton Health Integration Network, Ontario",Males,2009 to 2011,81.7
"Mississauga Halton Health Integration Network, Ontario",Males,2010 to 2012,82.0
"Mississauga Halton Health Integration Network, Ontario",Males,2011 to 2013,82.2
"Mississauga Halton Health Integration Network, Ontario",Males,2012 to 2014,82.4
"Mississauga Halton Health Integration Network, Ontario",Males,2013 to 2015,82.6
"Mississauga Halton Health Integration Network, Ontario",Males,2014 to 2016,82.9
"Mississauga Halton Health Integration Network, Ontario",Females,2005 to 2007,84.2
"Mississauga Halton Health Integration Network, Ontario",Females,2006 to 2008,84.4
"Mississauga Halton Health Integration Network, Ontario",Females,2007 to 2009,84.5
"Mississauga Halton Health Integration Network, Ontario",Females,2008 to 2010,84.8
"Mississauga Halton Health Integration Network, Ontario",Females,2009 to 2011,85.2
"Mississauga Halton Health Integration Network, Ontario",Females,2010 to 2012,85.6
"Mississauga Halton Health Integration Network, Ontario",Females,2011 to 2013,85.9
"Mississauga Halton Health Integration Network, Ontario",Females,2012 to 2014,85.9
"Mississauga Halton Health Integration Network, Ontario",Females,2013 to 2015,86.1
"Mississauga Halton Health Integration Network, Ontario",Females,2014 to 2016,86.3
"Toronto Central Health Integration Network, Ontario",Males,2005 to 2007,79.5
"Toronto Central Health Integration Network, Ontario",Males,2006 to 2008,79.5
"Toronto Central Health Integration Network, Ontario",Males,2007 to 2009,79.8
"Toronto Central Health Integration Network, Ontario",Males,2008 to 2010,80.3
"Toronto Central Health Integration Network, Ontario",Males,2009 to 2011,80.7
"Toronto Central Health Integration Network, Ontario",Males,2010 to 2012,81.1
"Toronto Central Health Integration Network, Ontario",Males,2011 to 2013,81.6
"Toronto Central Health Integration Network, Ontario",Males,2012 to 2014,81.8
"Toronto Central Health Integration Network, Ontario",Males,2013 to 2015,82.0
"Toronto Central Health Integration Network, Ontario",Males,2014 to 2016,81.9
"Toronto Central Health Integration Network, Ontario",Females,2005 to 2007,84.8
"Toronto Central Health Integration Network, Ontario",Females,2006 to 2008,84.8
"Toronto Central Health Integration Network, Ontario",Females,2007 to 2009,84.7
"Toronto Central Health Integration Network, Ontario",Females,2008 to 2010,85.0
"Toronto Central Health Integration Network, Ontario",Females,2009 to 2011,85.6
"Toronto Central Health Integration Network, Ontario",Females,2010 to 2012,86.1
"Toronto Central Health Integration Network, Ontario",Females,2011 to 2013,86.4
"Toronto Central Health Integration Network, Ontario",Females,2012 to 2014,86.5
"Toronto Central Health Integration Network, Ontario",Females,2013 to 2015,86.9
"Toronto Central Health Integration Network, Ontario",Females,2014 to 2016,87.2
"Central Health Integration Network, Ontario",Males,2005 to 2007,81.2
"Central Health Integration Network, Ontario",Males,2006 to 2008,81.2
"Central Health Integration Network, Ontario",Males,2007 to 2009,81.3
"Central Health Integration Network, Ontario",Males,2008 to 2010,81.6
"Central Health Integration Network, Ontario",Males,2009 to 2011,82.1
"Central Health Integration Network, Ontario",Males,2010 to 2012,82.6
"Central Health Integration Network, Ontario",Males,2011 to 2013,82.8
"Central Health Integration Network, Ontario",Males,2012 to 2014,82.9
"Central Health Integration Network, Ontario",Males,2013 to 2015,82.9
"Central Health Integration Network, Ontario",Males,2014 to 2016,83.1
"Central Health Integration Network, Ontario",Females,2005 to 2007,85.2
"Central Health Integration Network, Ontario",Females,2006 to 2008,85.2
"Central Health Integration Network, Ontario",Females,2007 to 2009,85.4
"Central Health Integration Network, Ontario",Females,2008 to 2010,85.6
"Central Health Integration Network, Ontario",Females,2009 to 2011,86.0
"Central Health Integration Network, Ontario",Females,2010 to 2012,86.3
"Central Health Integration Network, Ontario",Females,2011 to 2013,86.8
"Central Health Integration Network, Ontario",Females,2012 to 2014,86.8
"Central Health Integration Network, Ontario",Females,2013 to 2015,86.9
"Central Health Integration Network, Ontario",Females,2014 to 2016,86.9
"Central East Health Integration Network, Ontario",Males,2005 to 2007,79.3
"Central East Health Integration Network, Ontario",Males,2006 to 2008,79.5
"Central East Health Integration Network, Ontario",Males,2007 to 2009,79.7
"Central East Health Integration Network, Ontario",Males,2008 to 2010,79.9
"Central East Health Integration Network, Ontario",Males,2009 to 2011,80.2
"Central East Health Integration Network, Ontario",Males,2010 to 2012,80.6
"Central East Health Integration Network, Ontario",Males,2011 to 2013,80.8
"Central East Health Integration Network, Ontario",Males,2012 to 2014,80.7
"Central East Health Integration Network, Ontario",Males,2013 to 2015,80.8
"Central East Health Integration Network, Ontario",Males,2014 to 2016,81.0
"Central East Health Integration Network, Ontario",Females,2005 to 2007,83.8
"Central East Health Integration Network, Ontario",Females,2006 to 2008,83.7
"Central East Health Integration Network, Ontario",Females,2007 to 2009,83.8
"Central East Health Integration Network, Ontario",Females,2008 to 2010,83.9
"Central East Health Integration Network, Ontario",Females,2009 to 2011,84.6
"Central East Health Integration Network, Ontario",Females,2010 to 2012,84.7
"Central East Health Integration Network, Ontario",Females,2011 to 2013,85.0
"Central East Health Integration Network, Ontario",Females,2012 to 2014,84.9
"Central East Health Integration Network, Ontario",Females,2013 to 2015,85.1
"Central East Health Integration Network, Ontario",Females,2014 to 2016,85.2
"South East Health Integration Network, Ontario",Males,2005 to 2007,77.1
"South East Health Integration Network, Ontario",Males,2006 to 2008,76.9
"South East Health Integration Network, Ontario",Males,2007 to 2009,77.0
"South East Health Integration Network, Ontario",Males,2008 to 2010,77.2
"South East Health Integration Network, Ontario",Males,2009 to 2011,77.7
"South East Health Integration Network, Ontario",Males,2010 to 2012,77.9
"South East Health Integration Network, Ontario",Males,2011 to 2013,78.2
"South East Health Integration Network, Ontario",Males,2012 to 2014,78.5
"South East Health Integration Network, Ontario",Males,2013 to 2015,78.7
"South East Health Integration Network, Ontario",Males,2014 to 2016,78.7
"South East Health Integration Network, Ontario",Females,2005 to 2007,82.0
"South East Health Integration Network, Ontario",Females,2006 to 2008,81.9
"South East Health Integration Network, Ontario",Females,2007 to 2009,81.9
"South East Health Integration Network, Ontario",Females,2008 to 2010,82.3
"South East Health Integration Network, Ontario",Females,2009 to 2011,82.5
"South East Health Integration Network, Ontario",Females,2010 to 2012,82.7
"South East Health Integration Network, Ontario",Females,2011 to 2013,82.7
"South East Health Integration Network, Ontario",Females,2012 to 2014,82.6
"South East Health Integration Network, Ontario",Females,2013 to 2015,82.7
"South East Health Integration Network, Ontario",Females,2014 to 2016,82.9
"Champlain Health Integration Network, Ontario",Males,2005 to 2007,79.2
"Champlain Health Integration Network, Ontario",Males,2006 to 2008,79.1
"Champlain Health Integration Network, Ontario",Males,2007 to 2009,79.5
"Champlain Health Integration Network, Ontario",Males,2008 to 2010,80.0
"Champlain Health Integration Network, Ontario",Males,2009 to 2011,80.4
"Champlain Health Integration Network, Ontario",Males,2010 to 2012,80.6
"Champlain Health Integration Network, Ontario",Males,2011 to 2013,80.6
"Champlain Health Integration Network, Ontario",Males,2012 to 2014,80.7
"Champlain Health Integration Network, Ontario",Males,2013 to 2015,80.9
"Champlain Health Integration Network, Ontario",Males,2014 to 2016,81.1
"Champlain Health Integration Network, Ontario",Females,2005 to 2007,83.7
"Champlain Health Integration Network, Ontario",Females,2006 to 2008,83.7
"Champlain Health Integration Network, Ontario",Females,2007 to 2009,83.8
"Champlain Health Integration Network, Ontario",Females,2008 to 2010,84.0
"Champlain Health Integration Network, Ontario",Females,2009 to 2011,84.3
"Champlain Health Integration Network, Ontario",Females,2010 to 2012,84.5
"Champlain Health Integration Network, Ontario",Females,2011 to 2013,84.7
"Champlain Health Integration Network, Ontario",Females,2012 to 2014,84.7
"Champlain Health Integration Network, Ontario",Females,2013 to 2015,84.6
"Champlain Health Integration Network, Ontario",Females,2014 to 2016,84.6
"North Simcoe Muskoka Health Integration Network, Ontario",Males,2005 to 2007,77.6
"North Simcoe Muskoka Health Integration Network, Ontario",Males,2006 to 2008,77.7
"North Simcoe Muskoka Health Integration Network, Ontario",Males,2007 to 2009,77.9
"North Simcoe Muskoka Health Integration Network, Ontario",Males,2008 to 2010,78.3
"North Simcoe Muskoka Health Integration Network, Ontario",Males,2009 to 2011,78.6
"North Simcoe Muskoka Health Integration Network, Ontario",Males,2010 to 2012,78.9
"North Simcoe Muskoka Health Integration Network, Ontario",Males,2011 to 2013,79.3
"North Simcoe Muskoka Health Integration Network, Ontario",Males,2012 to 2014,79.5
"North Simcoe Muskoka Health Integration Network, Ontario",Males,2013 to 2015,79.6
"North Simcoe Muskoka Health Integration Network, Ontario",Males,2014 to 2016,79.6
"North Simcoe Muskoka Health Integration Network, Ontario",Females,2005 to 2007,82.4
"North Simcoe Muskoka Health Integration Network, Ontario",Females,2006 to 2008,82.4
"North Simcoe Muskoka Health Integration Network, Ontario",Females,2007 to 2009,82.7
"North Simcoe Muskoka Health Integration Network, Ontario",Females,2008 to 2010,82.7
"North Simcoe Muskoka Health Integration Network, Ontario",Females,2009 to 2011,83.2
"North Simcoe Muskoka Health Integration Network, Ontario",Females,2010 to 2012,83.4
"North Simcoe Muskoka Health Integration Network, Ontario",Females,2011 to 2013,83.5
"North Simcoe Muskoka Health Integration Network, Ontario",Females,2012 to 2014,83.2
"North Simcoe Muskoka Health Integration Network, Ontario",Females,2013 to 2015,83.1
"North Simcoe Muskoka Health Integration Network, Ontario",Females,2014 to 2016,83.2
"North East Health Integration Network, Ontario",Males,2005 to 2007,76.6
"North East Health Integration Network, Ontario",Males,2006 to 2008,76.4
"North East Health Integration Network, Ontario",Males,2007 to 2009,76.4
"North East Health Integration Network, Ontario",Males,2008 to 2010,76.6
"North East Health Integration Network, Ontario",Males,2009 to 2011,76.9
"North East Health Integration Network, Ontario",Males,2010 to 2012,77.0
"North East Health Integration Network, Ontario",Males,2011 to 2013,77.0
"North East Health Integration Network, Ontario",Males,2012 to 2014,76.9
"North East Health Integration Network, Ontario",Males,2013 to 2015,77.1
"North East Health Integration Network, Ontario",Males,2014 to 2016,77.1
"North East Health Integration Network, Ontario",Females,2005 to 2007,81.4
"North East Health Integration Network, Ontario",Females,2006 to 2008,81.4
"North East Health Integration Network, Ontario",Females,2007 to 2009,81.4
"North East Health Integration Network, Ontario",Females,2008 to 2010,81.4
"North East Health Integration Network, Ontario",Females,2009 to 2011,81.6
"North East Health Integration Network, Ontario",Females,2010 to 2012,82.0
"North East Health Integration Network, Ontario",Females,2011 to 2013,82.0
"North East Health Integration Network, Ontario",Females,2012 to 2014,82.0
"North East Health Integration Network, Ontario",Females,2013 to 2015,81.9
"North East Health Integration Network, Ontario",Females,2014 to 2016,82.2
"North West Health Integration Network, Ontario",Males,2005 to 2007,75.9
"North West Health Integration Network, Ontario",Males,2006 to 2008,75.5
"North West Health Integration Network, Ontario",Males,2007 to 2009,76.0
"North West Health Integration Network, Ontario",Males,2008 to 2010,76.0
"North West Health Integration Network, Ontario",Males,2009 to 2011,75.9
"North West Health Integration Network, Ontario",Males,2010 to 2012,75.9
"North West Health Integration Network, Ontario",Males,2011 to 2013,76.0
"North West Health Integration Network, Ontario",Males,2012 to 2014,76.1
"North West Health Integration Network, Ontario",Males,2013 to 2015,76.2
"North West Health Integration Network, Ontario",Males,2014 to 2016,76.3
"North West Health Integration Network, Ontario",Females,2005 to 2007,80.9
"North West Health Integration Network, Ontario",Females,2006 to 2008,80.9
"North West Health Integration Network, Ontario",Females,2007 to 2009,80.9
"North West Health Integration Network, Ontario",Females,2008 to 2010,81.0
"North West Health Integration Network, Ontario",Females,2009 to 2011,80.6
"North West Health Integration Network, Ontario",Females,2010 to 2012,80.8
"North West Health Integration Network, Ontario",Females,2011 to 2013,80.6
"North West Health Integration Network, Ontario",Females,2012 to 2014,80.5
"North West Health Integration Network, Ontario",Females,2013 to 2015,80.4
"North West Health Integration Network, Ontario",Females,2014 to 2016,80.2
"District of Algoma Health Unit, Ontario",Males,2005 to 2007,77.2
"District of Algoma Health Unit, Ontario",Males,2006 to 2008,76.5
"District of Algoma Health Unit, Ontario",Males,2007 to 2009,76.6
"District of Algoma Health Unit, Ontario",Males,2008 to 2010,77.3
"District of Algoma Health Unit, Ontario",Males,2009 to 2011,77.1
"District of Algoma Health Unit, Ontario",Males,2010 to 2012,77.0
"District of Algoma Health Unit, Ontario",Males,2011 to 2013,77.0
"District of Algoma Health Unit, Ontario",Males,2012 to 2014,76.9
"District of Algoma Health Unit, Ontario",Males,2013 to 2015,77.5
"District of Algoma Health Unit, Ontario",Males,2014 to 2016,76.9
"District of Algoma Health Unit, Ontario",Females,2005 to 2007,81.3
"District of Algoma Health Unit, Ontario",Females,2006 to 2008,81.1
"District of Algoma Health Unit, Ontario",Females,2007 to 2009,81.1
"District of Algoma Health Unit, Ontario",Females,2008 to 2010,82.1
"District of Algoma Health Unit, Ontario",Females,2009 to 2011,81.5
"District of Algoma Health Unit, Ontario",Females,2010 to 2012,81.8
"District of Algoma Health Unit, Ontario",Females,2011 to 2013,81.7
"District of Algoma Health Unit, Ontario",Females,2012 to 2014,81.9
"District of Algoma Health Unit, Ontario",Females,2013 to 2015,81.6
"District of Algoma Health Unit, Ontario",Females,2014 to 2016,81.9
"Brant County Health Unit, Ontario",Males,2005 to 2007,77.2
"Brant County Health Unit, Ontario",Males,2006 to 2008,77.3
"Brant County Health Unit, Ontario",Males,2007 to 2009,77.3
"Brant County Health Unit, Ontario",Males,2008 to 2010,78.0
"Brant County Health Unit, Ontario",Males,2009 to 2011,77.0
"Brant County Health Unit, Ontario",Males,2010 to 2012,77.0
"Brant County Health Unit, Ontario",Males,2011 to 2013,77.4
"Brant County Health Unit, Ontario",Males,2012 to 2014,77.9
"Brant County Health Unit, Ontario",Males,2013 to 2015,78.5
"Brant County Health Unit, Ontario",Males,2014 to 2016,78.6
"Brant County Health Unit, Ontario",Females,2005 to 2007,82.3
"Brant County Health Unit, Ontario",Females,2006 to 2008,82.2
"Brant County Health Unit, Ontario",Females,2007 to 2009,82.1
"Brant County Health Unit, Ontario",Females,2008 to 2010,82.2
"Brant County Health Unit, Ontario",Females,2009 to 2011,81.6
"Brant County Health Unit, Ontario",Females,2010 to 2012,81.6
"Brant County Health Unit, Ontario",Females,2011 to 2013,82.0
"Brant County Health Unit, Ontario",Females,2012 to 2014,82.1
"Brant County Health Unit, Ontario",Females,2013 to 2015,82.1
"Brant County Health Unit, Ontario",Females,2014 to 2016,82.2
"Durham Regional Health Unit, Ontario",Males,2005 to 2007,78.6
"Durham Regional Health Unit, Ontario",Males,2006 to 2008,78.8
"Durham Regional Health Unit, Ontario",Males,2007 to 2009,79.2
"Durham Regional Health Unit, Ontario",Males,2008 to 2010,80.1
"Durham Regional Health Unit, Ontario",Males,2009 to 2011,79.7
"Durham Regional Health Unit, Ontario",Males,2010 to 2012,80.0
"Durham Regional Health Unit, Ontario",Males,2011 to 2013,80.2
"Durham Regional Health Unit, Ontario",Males,2012 to 2014,80.2
"Durham Regional Health Unit, Ontario",Males,2013 to 2015,80.2
"Durham Regional Health Unit, Ontario",Males,2014 to 2016,80.3
"Durham Regional Health Unit, Ontario",Females,2005 to 2007,83.1
"Durham Regional Health Unit, Ontario",Females,2006 to 2008,83.0
"Durham Regional Health Unit, Ontario",Females,2007 to 2009,83.2
"Durham Regional Health Unit, Ontario",Females,2008 to 2010,84.8
"Durham Regional Health Unit, Ontario",Females,2009 to 2011,84.0
"Durham Regional Health Unit, Ontario",Females,2010 to 2012,84.1
"Durham Regional Health Unit, Ontario",Females,2011 to 2013,84.2
"Durham Regional Health Unit, Ontario",Females,2012 to 2014,84.2
"Durham Regional Health Unit, Ontario",Females,2013 to 2015,84.5
"Durham Regional Health Unit, Ontario",Females,2014 to 2016,84.6
"Elgin-St. Thomas Health Unit, Ontario",Males,2005 to 2007,76.7
"Elgin-St. Thomas Health Unit, Ontario",Males,2006 to 2008,76.7
"Elgin-St. Thomas Health Unit, Ontario",Males,2007 to 2009,77.3
"Elgin-St. Thomas Health Unit, Ontario",Males,2008 to 2010,77.9
"Elgin-St. Thomas Health Unit, Ontario",Males,2009 to 2011,77.8
"Elgin-St. Thomas Health Unit, Ontario",Males,2010 to 2012,77.8
"Elgin-St. Thomas Health Unit, Ontario",Males,2011 to 2013,78.0
"Elgin-St. Thomas Health Unit, Ontario",Males,2012 to 2014,78.0
"Elgin-St. Thomas Health Unit, Ontario",Males,2013 to 2015,78.7
"Elgin-St. Thomas Health Unit, Ontario",Males,2014 to 2016,78.4
"Elgin-St. Thomas Health Unit, Ontario",Females,2005 to 2007,80.7
"Elgin-St. Thomas Health Unit, Ontario",Females,2006 to 2008,81.1
"Elgin-St. Thomas Health Unit, Ontario",Females,2007 to 2009,81.5
"Elgin-St. Thomas Health Unit, Ontario",Females,2008 to 2010,82.3
"Elgin-St. Thomas Health Unit, Ontario",Females,2009 to 2011,82.4
"Elgin-St. Thomas Health Unit, Ontario",Females,2010 to 2012,82.5
"Elgin-St. Thomas Health Unit, Ontario",Females,2011 to 2013,82.4
"Elgin-St. Thomas Health Unit, Ontario",Females,2012 to 2014,82.1
"Elgin-St. Thomas Health Unit, Ontario",Females,2013 to 2015,81.9
"Elgin-St. Thomas Health Unit, Ontario",Females,2014 to 2016,82.0
"Grey Bruce Health Unit, Ontario",Males,2005 to 2007,78.3
"Grey Bruce Health Unit, Ontario",Males,2006 to 2008,78.6
"Grey Bruce Health Unit, Ontario",Males,2007 to 2009,78.7
"Grey Bruce Health Unit, Ontario",Males,2008 to 2010,79.5
"Grey Bruce Health Unit, Ontario",Males,2009 to 2011,78.8
"Grey Bruce Health Unit, Ontario",Males,2010 to 2012,78.6
"Grey Bruce Health Unit, Ontario",Males,2011 to 2013,79.1
"Grey Bruce Health Unit, Ontario",Males,2012 to 2014,79.5
"Grey Bruce Health Unit, Ontario",Males,2013 to 2015,79.7
"Grey Bruce Health Unit, Ontario",Males,2014 to 2016,79.7
"Grey Bruce Health Unit, Ontario",Females,2005 to 2007,82.1
"Grey Bruce Health Unit, Ontario",Females,2006 to 2008,82.3
"Grey Bruce Health Unit, Ontario",Females,2007 to 2009,82.7
"Grey Bruce Health Unit, Ontario",Females,2008 to 2010,83.9
"Grey Bruce Health Unit, Ontario",Females,2009 to 2011,83.5
"Grey Bruce Health Unit, Ontario",Females,2010 to 2012,83.6
"Grey Bruce Health Unit, Ontario",Females,2011 to 2013,83.8
"Grey Bruce Health Unit, Ontario",Females,2012 to 2014,83.6
"Grey Bruce Health Unit, Ontario",Females,2013 to 2015,83.5
"Grey Bruce Health Unit, Ontario",Females,2014 to 2016,83.7
"Haldimand-Norfolk Health Unit, Ontario",Males,2005 to 2007,76.4
"Haldimand-Norfolk Health Unit, Ontario",Males,2006 to 2008,76.6
"Haldimand-Norfolk Health Unit, Ontario",Males,2007 to 2009,76.8
"Haldimand-Norfolk Health Unit, Ontario",Males,2008 to 2010,77.6
"Haldimand-Norfolk Health Unit, Ontario",Males,2009 to 2011,78.1
"Haldimand-Norfolk Health Unit, Ontario",Males,2010 to 2012,78.3
"Haldimand-Norfolk Health Unit, Ontario",Males,2011 to 2013,78.9
"Haldimand-Norfolk Health Unit, Ontario",Males,2012 to 2014,78.2
"Haldimand-Norfolk Health Unit, Ontario",Males,2013 to 2015,78.5
"Haldimand-Norfolk Health Unit, Ontario",Males,2014 to 2016,78.8
"Haldimand-Norfolk Health Unit, Ontario",Females,2005 to 2007,81.4
"Haldimand-Norfolk Health Unit, Ontario",Females,2006 to 2008,81.5
"Haldimand-Norfolk Health Unit, Ontario",Females,2007 to 2009,81.8
"Haldimand-Norfolk Health Unit, Ontario",Females,2008 to 2010,82.3
"Haldimand-Norfolk Health Unit, Ontario",Females,2009 to 2011,82.4
"Haldimand-Norfolk Health Unit, Ontario",Females,2010 to 2012,83.0
"Haldimand-Norfolk Health Unit, Ontario",Females,2011 to 2013,83.5
"Haldimand-Norfolk Health Unit, Ontario",Females,2012 to 2014,83.3
"Haldimand-Norfolk Health Unit, Ontario",Females,2013 to 2015,82.7
"Haldimand-Norfolk Health Unit, Ontario",Females,2014 to 2016,82.8
"Haliburton, Kawartha, Pine Ridge District Health Unit, Ontario",Males,2005 to 2007,77.7
"Haliburton, Kawartha, Pine Ridge District Health Unit, Ontario",Males,2006 to 2008,78.2
"Haliburton, Kawartha, Pine Ridge District Health Unit, Ontario",Males,2007 to 2009,77.9
"Haliburton, Kawartha, Pine Ridge District Health Unit, Ontario",Males,2008 to 2010,78.7
"Haliburton, Kawartha, Pine Ridge District Health Unit, Ontario",Males,2009 to 2011,78.3
"Haliburton, Kawartha, Pine Ridge District Health Unit, Ontario",Males,2010 to 2012,78.8
"Haliburton, Kawartha, Pine Ridge District Health Unit, Ontario",Males,2011 to 2013,78.9
"Haliburton, Kawartha, Pine Ridge District Health Unit, Ontario",Males,2012 to 2014,79.1
"Haliburton, Kawartha, Pine Ridge District Health Unit, Ontario",Males,2013 to 2015,79.2
"Haliburton, Kawartha, Pine Ridge District Health Unit, Ontario",Males,2014 to 2016,79.5
"Haliburton, Kawartha, Pine Ridge District Health Unit, Ontario",Females,2005 to 2007,82.5
"Haliburton, Kawartha, Pine Ridge District Health Unit, Ontario",Females,2006 to 2008,82.8
"Haliburton, Kawartha, Pine Ridge District Health Unit, Ontario",Females,2007 to 2009,82.6
"Haliburton, Kawartha, Pine Ridge District Health Unit, Ontario",Females,2008 to 2010,83.1
"Haliburton, Kawartha, Pine Ridge District Health Unit, Ontario",Females,2009 to 2011,82.9
"Haliburton, Kawartha, Pine Ridge District Health Unit, Ontario",Females,2010 to 2012,82.6
"Haliburton, Kawartha, Pine Ridge District Health Unit, Ontario",Females,2011 to 2013,83.2
"Haliburton, Kawartha, Pine Ridge District Health Unit, Ontario",Females,2012 to 2014,83.1
"Haliburton, Kawartha, Pine Ridge District Health Unit, Ontario",Females,2013 to 2015,83.7
"Haliburton, Kawartha, Pine Ridge District Health Unit, Ontario",Females,2014 to 2016,83.5
"Halton Regional Health Unit, Ontario",Males,2005 to 2007,80.3
"Halton Regional Health Unit, Ontario",Males,2006 to 2008,80.6
"Halton Regional Health Unit, Ontario",Males,2007 to 2009,80.9
"Halton Regional Health Unit, Ontario",Males,2008 to 2010,82.2
"Halton Regional Health Unit, Ontario",Males,2009 to 2011,81.5
"Halton Regional Health Unit, Ontario",Males,2010 to 2012,81.8
"Halton Regional Health Unit, Ontario",Males,2011 to 2013,81.9
"Halton Regional Health Unit, Ontario",Males,2012 to 2014,81.9
"Halton Regional Health Unit, Ontario",Males,2013 to 2015,82.2
"Halton Regional Health Unit, Ontario",Males,2014 to 2016,82.4
"Halton Regional Health Unit, Ontario",Females,2005 to 2007,84.2
"Halton Regional Health Unit, Ontario",Females,2006 to 2008,84.2
"Halton Regional Health Unit, Ontario",Females,2007 to 2009,84.5
"Halton Regional Health Unit, Ontario",Females,2008 to 2010,86.0
"Halton Regional Health Unit, Ontario",Females,2009 to 2011,84.9
"Halton Regional Health Unit, Ontario",Females,2010 to 2012,85.0
"Halton Regional Health Unit, Ontario",Females,2011 to 2013,85.5
"Halton Regional Health Unit, Ontario",Females,2012 to 2014,85.6
"Halton Regional Health Unit, Ontario",Females,2013 to 2015,85.8
"Halton Regional Health Unit, Ontario",Females,2014 to 2016,85.9
"City of Hamilton Health Unit, Ontario",Males,2005 to 2007,78.3
"City of Hamilton Health Unit, Ontario",Males,2006 to 2008,77.9
"City of Hamilton Health Unit, Ontario",Males,2007 to 2009,77.8
"City of Hamilton Health Unit, Ontario",Males,2008 to 2010,78.9
"City of Hamilton Health Unit, Ontario",Males,2009 to 2011,78.8
"City of Hamilton Health Unit, Ontario",Males,2010 to 2012,79.2
"City of Hamilton Health Unit, Ontario",Males,2011 to 2013,79.1
"City of Hamilton Health Unit, Ontario",Males,2012 to 2014,79.0
"City of Hamilton Health Unit, Ontario",Males,2013 to 2015,79.0
"City of Hamilton Health Unit, Ontario",Males,2014 to 2016,78.9
"City of Hamilton Health Unit, Ontario",Females,2005 to 2007,82.9
"City of Hamilton Health Unit, Ontario",Females,2006 to 2008,83.0
"City of Hamilton Health Unit, Ontario",Females,2007 to 2009,82.8
"City of Hamilton Health Unit, Ontario",Females,2008 to 2010,84.4
"City of Hamilton Health Unit, Ontario",Females,2009 to 2011,83.6
"City of Hamilton Health Unit, Ontario",Females,2010 to 2012,83.8
"City of Hamilton Health Unit, Ontario",Females,2011 to 2013,84.0
"City of Hamilton Health Unit, Ontario",Females,2012 to 2014,83.7
"City of Hamilton Health Unit, Ontario",Females,2013 to 2015,83.7
"City of Hamilton Health Unit, Ontario",Females,2014 to 2016,83.7
"Hastings and Prince Edward Counties Health Unit, Ontario",Males,2005 to 2007,76.8
"Hastings and Prince Edward Counties Health Unit, Ontario",Males,2006 to 2008,76.4
"Hastings and Prince Edward Counties Health Unit, Ontario",Males,2007 to 2009,76.4
"Hastings and Prince Edward Counties Health Unit, Ontario",Males,2008 to 2010,77.4
"Hastings and Prince Edward Counties Health Unit, Ontario",Males,2009 to 2011,77.5
"Hastings and Prince Edward Counties Health Unit, Ontario",Males,2010 to 2012,77.6
"Hastings and Prince Edward Counties Health Unit, Ontario",Males,2011 to 2013,77.6
"Hastings and Prince Edward Counties Health Unit, Ontario",Males,2012 to 2014,77.8
"Hastings and Prince Edward Counties Health Unit, Ontario",Males,2013 to 2015,78.3
"Hastings and Prince Edward Counties Health Unit, Ontario",Males,2014 to 2016,77.6
"Hastings and Prince Edward Counties Health Unit, Ontario",Females,2005 to 2007,81.8
"Hastings and Prince Edward Counties Health Unit, Ontario",Females,2006 to 2008,81.8
"Hastings and Prince Edward Counties Health Unit, Ontario",Females,2007 to 2009,81.7
"Hastings and Prince Edward Counties Health Unit, Ontario",Females,2008 to 2010,82.5
"Hastings and Prince Edward Counties Health Unit, Ontario",Females,2009 to 2011,82.3
"Hastings and Prince Edward Counties Health Unit, Ontario",Females,2010 to 2012,82.7
"Hastings and Prince Edward Counties Health Unit, Ontario",Females,2011 to 2013,82.8
"Hastings and Prince Edward Counties Health Unit, Ontario",Females,2012 to 2014,82.5
"Hastings and Prince Edward Counties Health Unit, Ontario",Females,2013 to 2015,82.6
"Hastings and Prince Edward Counties Health Unit, Ontario",Females,2014 to 2016,82.7
"Huron County Health Unit, Ontario",Males,2005 to 2007,77.7
"Huron County Health Unit, Ontario",Males,2006 to 2008,78.2
"Huron County Health Unit, Ontario",Males,2007 to 2009,78.4
"Huron County Health Unit, Ontario",Males,2008 to 2010,78.7
"Huron County Health Unit, Ontario",Males,2009 to 2011,77.9
"Huron County Health Unit, Ontario",Males,2010 to 2012,78.5
"Huron County Health Unit, Ontario",Males,2011 to 2013,79.1
"Huron County Health Unit, Ontario",Males,2012 to 2014,78.9
"Huron County Health Unit, Ontario",Males,2013 to 2015,78.5
"Huron County Health Unit, Ontario",Males,2014 to 2016,78.5
"Huron County Health Unit, Ontario",Females,2005 to 2007,82.3
"Huron County Health Unit, Ontario",Females,2006 to 2008,82.3
"Huron County Health Unit, Ontario",Females,2007 to 2009,82.9
"Huron County Health Unit, Ontario",Females,2008 to 2010,83.8
"Huron County Health Unit, Ontario",Females,2009 to 2011,83.6
"Huron County Health Unit, Ontario",Females,2010 to 2012,83.7
"Huron County Health Unit, Ontario",Females,2011 to 2013,83.7
"Huron County Health Unit, Ontario",Females,2012 to 2014,83.1
"Huron County Health Unit, Ontario",Females,2013 to 2015,82.5
"Huron County Health Unit, Ontario",Females,2014 to 2016,82.5
"Chatham-Kent Health Unit, Ontario",Males,2005 to 2007,76.1
"Chatham-Kent Health Unit, Ontario",Males,2006 to 2008,77.1
"Chatham-Kent Health Unit, Ontario",Males,2007 to 2009,76.9
"Chatham-Kent Health Unit, Ontario",Males,2008 to 2010,77.9
"Chatham-Kent Health Unit, Ontario",Males,2009 to 2011,77.0
"Chatham-Kent Health Unit, Ontario",Males,2010 to 2012,77.3
"Chatham-Kent Health Unit, Ontario",Males,2011 to 2013,77.8
"Chatham-Kent Health Unit, Ontario",Males,2012 to 2014,78.1
"Chatham-Kent Health Unit, Ontario",Males,2013 to 2015,78.3
"Chatham-Kent Health Unit, Ontario",Males,2014 to 2016,78.3
"Chatham-Kent Health Unit, Ontario",Females,2005 to 2007,81.3
"Chatham-Kent Health Unit, Ontario",Females,2006 to 2008,81.6
"Chatham-Kent Health Unit, Ontario",Females,2007 to 2009,81.8
"Chatham-Kent Health Unit, Ontario",Females,2008 to 2010,82.8
"Chatham-Kent Health Unit, Ontario",Females,2009 to 2011,82.9
"Chatham-Kent Health Unit, Ontario",Females,2010 to 2012,83.3
"Chatham-Kent Health Unit, Ontario",Females,2011 to 2013,82.8
"Chatham-Kent Health Unit, Ontario",Females,2012 to 2014,82.6
"Chatham-Kent Health Unit, Ontario",Females,2013 to 2015,82.0
"Chatham-Kent Health Unit, Ontario",Females,2014 to 2016,82.6
"Kingston, Frontenac and Lennox and Addington Health Unit, Ontario",Males,2005 to 2007,77.6
"Kingston, Frontenac and Lennox and Addington Health Unit, Ontario",Males,2006 to 2008,77.8
"Kingston, Frontenac and Lennox and Addington Health Unit, Ontario",Males,2007 to 2009,78.0
"Kingston, Frontenac and Lennox and Addington Health Unit, Ontario",Males,2008 to 2010,78.1
"Kingston, Frontenac and Lennox and Addington Health Unit, Ontario",Males,2009 to 2011,78.1
"Kingston, Frontenac and Lennox and Addington Health Unit, Ontario",Males,2010 to 2012,78.2
"Kingston, Frontenac and Lennox and Addington Health Unit, Ontario",Males,2011 to 2013,78.7
"Kingston, Frontenac and Lennox and Addington Health Unit, Ontario",Males,2012 to 2014,79.2
"Kingston, Frontenac and Lennox and Addington Health Unit, Ontario",Males,2013 to 2015,79.3
"Kingston, Frontenac and Lennox and Addington Health Unit, Ontario",Males,2014 to 2016,79.5
"Kingston, Frontenac and Lennox and Addington Health Unit, Ontario",Females,2005 to 2007,82.5
"Kingston, Frontenac and Lennox and Addington Health Unit, Ontario",Females,2006 to 2008,82.3
"Kingston, Frontenac and Lennox and Addington Health Unit, Ontario",Females,2007 to 2009,82.5
"Kingston, Frontenac and Lennox and Addington Health Unit, Ontario",Females,2008 to 2010,83.4
"Kingston, Frontenac and Lennox and Addington Health Unit, Ontario",Females,2009 to 2011,82.8
"Kingston, Frontenac and Lennox and Addington Health Unit, Ontario",Females,2010 to 2012,82.9
"Kingston, Frontenac and Lennox and Addington Health Unit, Ontario",Females,2011 to 2013,82.7
"Kingston, Frontenac and Lennox and Addington Health Unit, Ontario",Females,2012 to 2014,82.7
"Kingston, Frontenac and Lennox and Addington Health Unit, Ontario",Females,2013 to 2015,82.8
"Kingston, Frontenac and Lennox and Addington Health Unit, Ontario",Females,2014 to 2016,83.3
"Lambton Health Unit, Ontario",Males,2005 to 2007,77.9
"Lambton Health Unit, Ontario",Males,2006 to 2008,77.8
"Lambton Health Unit, Ontario",Males,2007 to 2009,77.8
"Lambton Health Unit, Ontario",Males,2008 to 2010,78.1
"Lambton Health Unit, Ontario",Males,2009 to 2011,77.5
"Lambton Health Unit, Ontario",Males,2010 to 2012,77.8
"Lambton Health Unit, Ontario",Males,2011 to 2013,78.5
"Lambton Health Unit, Ontario",Males,2012 to 2014,78.7
"Lambton Health Unit, Ontario",Males,2013 to 2015,78.5
"Lambton Health Unit, Ontario",Males,2014 to 2016,78.4
"Lambton Health Unit, Ontario",Females,2005 to 2007,82.2
"Lambton Health Unit, Ontario",Females,2006 to 2008,81.8
"Lambton Health Unit, Ontario",Females,2007 to 2009,81.8
"Lambton Health Unit, Ontario",Females,2008 to 2010,82.7
"Lambton Health Unit, Ontario",Females,2009 to 2011,82.3
"Lambton Health Unit, Ontario",Females,2010 to 2012,82.7
"Lambton Health Unit, Ontario",Females,2011 to 2013,83.0
"Lambton Health Unit, Ontario",Females,2012 to 2014,83.4
"Lambton Health Unit, Ontario",Females,2013 to 2015,83.2
"Lambton Health Unit, Ontario",Females,2014 to 2016,83.3
"Leeds, Grenville and Lanark District Health Unit, Ontario",Males,2005 to 2007,77.4
"Leeds, Grenville and Lanark District Health Unit, Ontario",Males,2006 to 2008,77.0
"Leeds, Grenville and Lanark District Health Unit, Ontario",Males,2007 to 2009,77.1
"Leeds, Grenville and Lanark District Health Unit, Ontario",Males,2008 to 2010,77.7
"Leeds, Grenville and Lanark District Health Unit, Ontario",Males,2009 to 2011,77.9
"Leeds, Grenville and Lanark District Health Unit, Ontario",Males,2010 to 2012,78.3
"Leeds, Grenville and Lanark District Health Unit, Ontario",Males,2011 to 2013,78.9
"Leeds, Grenville and Lanark District Health Unit, Ontario",Males,2012 to 2014,78.9
"Leeds, Grenville and Lanark District Health Unit, Ontario",Males,2013 to 2015,79.1
"Leeds, Grenville and Lanark District Health Unit, Ontario",Males,2014 to 2016,79.4
"Leeds, Grenville and Lanark District Health Unit, Ontario",Females,2005 to 2007,81.9
"Leeds, Grenville and Lanark District Health Unit, Ontario",Females,2006 to 2008,82.1
"Leeds, Grenville and Lanark District Health Unit, Ontario",Females,2007 to 2009,82.1
"Leeds, Grenville and Lanark District Health Unit, Ontario",Females,2008 to 2010,83.3
"Leeds, Grenville and Lanark District Health Unit, Ontario",Females,2009 to 2011,82.6
"Leeds, Grenville and Lanark District Health Unit, Ontario",Females,2010 to 2012,83.1
"Leeds, Grenville and Lanark District Health Unit, Ontario",Females,2011 to 2013,83.1
"Leeds, Grenville and Lanark District Health Unit, Ontario",Females,2012 to 2014,83.2
"Leeds, Grenville and Lanark District Health Unit, Ontario",Females,2013 to 2015,83.2
"Leeds, Grenville and Lanark District Health Unit, Ontario",Females,2014 to 2016,83.0
"Middlesex-London Health Unit, Ontario",Males,2005 to 2007,78.7
"Middlesex-London Health Unit, Ontario",Males,2006 to 2008,78.9
"Middlesex-London Health Unit, Ontario",Males,2007 to 2009,78.7
"Middlesex-London Health Unit, Ontario",Males,2008 to 2010,79.5
"Middlesex-London Health Unit, Ontario",Males,2009 to 2011,79.0
"Middlesex-London Health Unit, Ontario",Males,2010 to 2012,79.3
"Middlesex-London Health Unit, Ontario",Males,2011 to 2013,79.4
"Middlesex-London Health Unit, Ontario",Males,2012 to 2014,79.3
"Middlesex-London Health Unit, Ontario",Males,2013 to 2015,79.4
"Middlesex-London Health Unit, Ontario",Males,2014 to 2016,79.7
"Middlesex-London Health Unit, Ontario",Females,2005 to 2007,83.1
"Middlesex-London Health Unit, Ontario",Females,2006 to 2008,82.9
"Middlesex-London Health Unit, Ontario",Females,2007 to 2009,83.1
"Middlesex-London Health Unit, Ontario",Females,2008 to 2010,84.4
"Middlesex-London Health Unit, Ontario",Females,2009 to 2011,83.7
"Middlesex-London Health Unit, Ontario",Females,2010 to 2012,83.9
"Middlesex-London Health Unit, Ontario",Females,2011 to 2013,84.1
"Middlesex-London Health Unit, Ontario",Females,2012 to 2014,84.1
"Middlesex-London Health Unit, Ontario",Females,2013 to 2015,84.1
"Middlesex-London Health Unit, Ontario",Females,2014 to 2016,84.2
"Niagara Regional Area Health Unit, Ontario",Males,2005 to 2007,77.4
"Niagara Regional Area Health Unit, Ontario",Males,2006 to 2008,77.3
"Niagara Regional Area Health Unit, Ontario",Males,2007 to 2009,77.7
"Niagara Regional Area Health Unit, Ontario",Males,2008 to 2010,78.7
"Niagara Regional Area Health Unit, Ontario",Males,2009 to 2011,78.4
"Niagara Regional Area Health Unit, Ontario",Males,2010 to 2012,78.6
"Niagara Regional Area Health Unit, Ontario",Males,2011 to 2013,78.8
"Niagara Regional Area Health Unit, Ontario",Males,2012 to 2014,79.1
"Niagara Regional Area Health Unit, Ontario",Males,2013 to 2015,79.2
"Niagara Regional Area Health Unit, Ontario",Males,2014 to 2016,79.4
"Niagara Regional Area Health Unit, Ontario",Females,2005 to 2007,82.4
"Niagara Regional Area Health Unit, Ontario",Females,2006 to 2008,82.6
"Niagara Regional Area Health Unit, Ontario",Females,2007 to 2009,82.5
"Niagara Regional Area Health Unit, Ontario",Females,2008 to 2010,83.7
"Niagara Regional Area Health Unit, Ontario",Females,2009 to 2011,83.2
"Niagara Regional Area Health Unit, Ontario",Females,2010 to 2012,83.5
"Niagara Regional Area Health Unit, Ontario",Females,2011 to 2013,83.6
"Niagara Regional Area Health Unit, Ontario",Females,2012 to 2014,83.6
"Niagara Regional Area Health Unit, Ontario",Females,2013 to 2015,83.6
"Niagara Regional Area Health Unit, Ontario",Females,2014 to 2016,83.6
"North Bay Parry Sound District Health Unit, Ontario",Males,2005 to 2007,76.8
"North Bay Parry Sound District Health Unit, Ontario",Males,2006 to 2008,77.0
"North Bay Parry Sound District Health Unit, Ontario",Males,2007 to 2009,77.0
"North Bay Parry Sound District Health Unit, Ontario",Males,2008 to 2010,77.6
"North Bay Parry Sound District Health Unit, Ontario",Males,2009 to 2011,77.5
"North Bay Parry Sound District Health Unit, Ontario",Males,2010 to 2012,77.9
"North Bay Parry Sound District Health Unit, Ontario",Males,2011 to 2013,78.0
"North Bay Parry Sound District Health Unit, Ontario",Males,2012 to 2014,77.8
"North Bay Parry Sound District Health Unit, Ontario",Males,2013 to 2015,77.8
"North Bay Parry Sound District Health Unit, Ontario",Males,2014 to 2016,78.2
"North Bay Parry Sound District Health Unit, Ontario",Females,2005 to 2007,82.0
"North Bay Parry Sound District Health Unit, Ontario",Females,2006 to 2008,81.8
"North Bay Parry Sound District Health Unit, Ontario",Females,2007 to 2009,81.7
"North Bay Parry Sound District Health Unit, Ontario",Females,2008 to 2010,82.5
"North Bay Parry Sound District Health Unit, Ontario",Females,2009 to 2011,82.0
"North Bay Parry Sound District Health Unit, Ontario",Females,2010 to 2012,82.6
"North Bay Parry Sound District Health Unit, Ontario",Females,2011 to 2013,82.9
"North Bay Parry Sound District Health Unit, Ontario",Females,2012 to 2014,82.8
"North Bay Parry Sound District Health Unit, Ontario",Females,2013 to 2015,82.6
"North Bay Parry Sound District Health Unit, Ontario",Females,2014 to 2016,82.8
"Northwestern Health Unit, Ontario",Males,2005 to 2007,74.4
"Northwestern Health Unit, Ontario",Males,2006 to 2008,75.0
"Northwestern Health Unit, Ontario",Males,2007 to 2009,76.0
"Northwestern Health Unit, Ontario",Males,2008 to 2010,76.2
"Northwestern Health Unit, Ontario",Males,2009 to 2011,75.3
"Northwestern Health Unit, Ontario",Males,2010 to 2012,75.0
"Northwestern Health Unit, Ontario",Males,2011 to 2013,75.0
"Northwestern Health Unit, Ontario",Males,2012 to 2014,74.9
"Northwestern Health Unit, Ontario",Males,2013 to 2015,75.0
"Northwestern Health Unit, Ontario",Males,2014 to 2016,75.5
"Northwestern Health Unit, Ontario",Females,2005 to 2007,79.7
"Northwestern Health Unit, Ontario",Females,2006 to 2008,79.8
"Northwestern Health Unit, Ontario",Females,2007 to 2009,79.3
"Northwestern Health Unit, Ontario",Females,2008 to 2010,80.3
"Northwestern Health Unit, Ontario",Females,2009 to 2011,79.5
"Northwestern Health Unit, Ontario",Females,2010 to 2012,80.1
"Northwestern Health Unit, Ontario",Females,2011 to 2013,79.7
"Northwestern Health Unit, Ontario",Females,2012 to 2014,79.1
"Northwestern Health Unit, Ontario",Females,2013 to 2015,79.2
"Northwestern Health Unit, Ontario",Females,2014 to 2016,78.9
"City of Ottawa Health Unit, Ontario",Males,2005 to 2007,80.0
"City of Ottawa Health Unit, Ontario",Males,2006 to 2008,79.8
"City of Ottawa Health Unit, Ontario",Males,2007 to 2009,80.2
"City of Ottawa Health Unit, Ontario",Males,2008 to 2010,81.4
"City of Ottawa Health Unit, Ontario",Males,2009 to 2011,81.1
"City of Ottawa Health Unit, Ontario",Males,2010 to 2012,81.3
"City of Ottawa Health Unit, Ontario",Males,2011 to 2013,81.4
"City of Ottawa Health Unit, Ontario",Males,2012 to 2014,81.5
"City of Ottawa Health Unit, Ontario",Males,2013 to 2015,81.7
"City of Ottawa Health Unit, Ontario",Males,2014 to 2016,81.9
"City of Ottawa Health Unit, Ontario",Females,2005 to 2007,84.5
"City of Ottawa Health Unit, Ontario",Females,2006 to 2008,84.3
"City of Ottawa Health Unit, Ontario",Females,2007 to 2009,84.2
"City of Ottawa Health Unit, Ontario",Females,2008 to 2010,85.5
"City of Ottawa Health Unit, Ontario",Females,2009 to 2011,84.8
"City of Ottawa Health Unit, Ontario",Females,2010 to 2012,85.0
"City of Ottawa Health Unit, Ontario",Females,2011 to 2013,85.2
"City of Ottawa Health Unit, Ontario",Females,2012 to 2014,85.2
"City of Ottawa Health Unit, Ontario",Females,2013 to 2015,85.2
"City of Ottawa Health Unit, Ontario",Females,2014 to 2016,85.2
"Oxford County Health Unit, Ontario",Males,2005 to 2007,77.2
"Oxford County Health Unit, Ontario",Males,2006 to 2008,76.9
"Oxford County Health Unit, Ontario",Males,2007 to 2009,77.2
"Oxford County Health Unit, Ontario",Males,2008 to 2010,78.1
"Oxford County Health Unit, Ontario",Males,2009 to 2011,78.2
"Oxford County Health Unit, Ontario",Males,2010 to 2012,78.4
"Oxford County Health Unit, Ontario",Males,2011 to 2013,78.7
"Oxford County Health Unit, Ontario",Males,2012 to 2014,78.9
"Oxford County Health Unit, Ontario",Males,2013 to 2015,78.9
"Oxford County Health Unit, Ontario",Males,2014 to 2016,79.0
"Oxford County Health Unit, Ontario",Females,2005 to 2007,82.5
"Oxford County Health Unit, Ontario",Females,2006 to 2008,82.6
"Oxford County Health Unit, Ontario",Females,2007 to 2009,83.0
"Oxford County Health Unit, Ontario",Females,2008 to 2010,83.9
"Oxford County Health Unit, Ontario",Females,2009 to 2011,83.0
"Oxford County Health Unit, Ontario",Females,2010 to 2012,83.1
"Oxford County Health Unit, Ontario",Females,2011 to 2013,83.3
"Oxford County Health Unit, Ontario",Females,2012 to 2014,83.2
"Oxford County Health Unit, Ontario",Females,2013 to 2015,83.3
"Oxford County Health Unit, Ontario",Females,2014 to 2016,83.2
"Peel Regional Health Unit, Ontario",Males,2005 to 2007,81.0
"Peel Regional Health Unit, Ontario",Males,2006 to 2008,80.9
"Peel Regional Health Unit, Ontario",Males,2007 to 2009,81.1
"Peel Regional Health Unit, Ontario",Males,2008 to 2010,82.8
"Peel Regional Health Unit, Ontario",Males,2009 to 2011,82.1
"Peel Regional Health Unit, Ontario",Males,2010 to 2012,82.4
"Peel Regional Health Unit, Ontario",Males,2011 to 2013,82.6
"Peel Regional Health Unit, Ontario",Males,2012 to 2014,82.7
"Peel Regional Health Unit, Ontario",Males,2013 to 2015,83.0
"Peel Regional Health Unit, Ontario",Males,2014 to 2016,83.1
"Peel Regional Health Unit, Ontario",Females,2005 to 2007,84.8
"Peel Regional Health Unit, Ontario",Females,2006 to 2008,84.8
"Peel Regional Health Unit, Ontario",Females,2007 to 2009,84.9
"Peel Regional Health Unit, Ontario",Females,2008 to 2010,87.0
"Peel Regional Health Unit, Ontario",Females,2009 to 2011,85.6
"Peel Regional Health Unit, Ontario",Females,2010 to 2012,86.0
"Peel Regional Health Unit, Ontario",Females,2011 to 2013,86.2
"Peel Regional Health Unit, Ontario",Females,2012 to 2014,86.2
"Peel Regional Health Unit, Ontario",Females,2013 to 2015,86.3
"Peel Regional Health Unit, Ontario",Females,2014 to 2016,86.4
"Perth District Health Unit, Ontario",Males,2005 to 2007,78.2
"Perth District Health Unit, Ontario",Males,2006 to 2008,78.2
"Perth District Health Unit, Ontario",Males,2007 to 2009,78.2
"Perth District Health Unit, Ontario",Males,2008 to 2010,79.0
"Perth District Health Unit, Ontario",Males,2009 to 2011,78.9
"Perth District Health Unit, Ontario",Males,2010 to 2012,79.7
"Perth District Health Unit, Ontario",Males,2011 to 2013,79.7
"Perth District Health Unit, Ontario",Males,2012 to 2014,80.0
"Perth District Health Unit, Ontario",Males,2013 to 2015,80.1
"Perth District Health Unit, Ontario",Males,2014 to 2016,80.1
"Perth District Health Unit, Ontario",Females,2005 to 2007,81.9
"Perth District Health Unit, Ontario",Females,2006 to 2008,82.4
"Perth District Health Unit, Ontario",Females,2007 to 2009,82.3
"Perth District Health Unit, Ontario",Females,2008 to 2010,83.7
"Perth District Health Unit, Ontario",Females,2009 to 2011,83.1
"Perth District Health Unit, Ontario",Females,2010 to 2012,83.3
"Perth District Health Unit, Ontario",Females,2011 to 2013,83.1
"Perth District Health Unit, Ontario",Females,2012 to 2014,83.3
"Perth District Health Unit, Ontario",Females,2013 to 2015,82.9
"Perth District Health Unit, Ontario",Females,2014 to 2016,83.3
"Peterborough County-City Health Unit, Ontario",Males,2005 to 2007,78.5
"Peterborough County-City Health Unit, Ontario",Males,2006 to 2008,78.7
"Peterborough County-City Health Unit, Ontario",Males,2007 to 2009,78.6
"Peterborough County-City Health Unit, Ontario",Males,2008 to 2010,79.0
"Peterborough County-City Health Unit, Ontario",Males,2009 to 2011,78.8
"Peterborough County-City Health Unit, Ontario",Males,2010 to 2012,79.2
"Peterborough County-City Health Unit, Ontario",Males,2011 to 2013,79.3
"Peterborough County-City Health Unit, Ontario",Males,2012 to 2014,79.2
"Peterborough County-City Health Unit, Ontario",Males,2013 to 2015,79.4
"Peterborough County-City Health Unit, Ontario",Males,2014 to 2016,79.5
"Peterborough County-City Health Unit, Ontario",Females,2005 to 2007,83.0
"Peterborough County-City Health Unit, Ontario",Females,2006 to 2008,82.5
"Peterborough County-City Health Unit, Ontario",Females,2007 to 2009,82.8
"Peterborough County-City Health Unit, Ontario",Females,2008 to 2010,83.9
"Peterborough County-City Health Unit, Ontario",Females,2009 to 2011,83.9
"Peterborough County-City Health Unit, Ontario",Females,2010 to 2012,84.0
"Peterborough County-City Health Unit, Ontario",Females,2011 to 2013,84.3
"Peterborough County-City Health Unit, Ontario",Females,2012 to 2014,84.0
"Peterborough County-City Health Unit, Ontario",Females,2013 to 2015,83.9
"Peterborough County-City Health Unit, Ontario",Females,2014 to 2016,83.6
"Porcupine Health Unit, Ontario",Males,2005 to 2007,75.6
"Porcupine Health Unit, Ontario",Males,2006 to 2008,75.3
"Porcupine Health Unit, Ontario",Males,2007 to 2009,75.3
"Porcupine Health Unit, Ontario",Males,2008 to 2010,76.5
"Porcupine Health Unit, Ontario",Males,2009 to 2011,76.2
"Porcupine Health Unit, Ontario",Males,2010 to 2012,76.1
"Porcupine Health Unit, Ontario",Males,2011 to 2013,75.8
"Porcupine Health Unit, Ontario",Males,2012 to 2014,75.8
"Porcupine Health Unit, Ontario",Males,2013 to 2015,76.0
"Porcupine Health Unit, Ontario",Males,2014 to 2016,75.7
"Porcupine Health Unit, Ontario",Females,2005 to 2007,81.0
"Porcupine Health Unit, Ontario",Females,2006 to 2008,80.8
"Porcupine Health Unit, Ontario",Females,2007 to 2009,80.4
"Porcupine Health Unit, Ontario",Females,2008 to 2010,80.9
"Porcupine Health Unit, Ontario",Females,2009 to 2011,80.8
"Porcupine Health Unit, Ontario",Females,2010 to 2012,81.2
"Porcupine Health Unit, Ontario",Females,2011 to 2013,81.1
"Porcupine Health Unit, Ontario",Females,2012 to 2014,80.8
"Porcupine Health Unit, Ontario",Females,2013 to 2015,80.2
"Porcupine Health Unit, Ontario",Females,2014 to 2016,80.6
"Renfrew County and District Health Unit, Ontario",Males,2005 to 2007,77.6
"Renfrew County and District Health Unit, Ontario",Males,2006 to 2008,78.2
"Renfrew County and District Health Unit, Ontario",Males,2007 to 2009,78.9
"Renfrew County and District Health Unit, Ontario",Males,2008 to 2010,80.7
"Renfrew County and District Health Unit, Ontario",Males,2009 to 2011,79.5
"Renfrew County and District Health Unit, Ontario",Males,2010 to 2012,79.4
"Renfrew County and District Health Unit, Ontario",Males,2011 to 2013,79.0
"Renfrew County and District Health Unit, Ontario",Males,2012 to 2014,79.0
"Renfrew County and District Health Unit, Ontario",Males,2013 to 2015,79.0
"Renfrew County and District Health Unit, Ontario",Males,2014 to 2016,79.1
"Renfrew County and District Health Unit, Ontario",Females,2005 to 2007,81.5
"Renfrew County and District Health Unit, Ontario",Females,2006 to 2008,81.8
"Renfrew County and District Health Unit, Ontario",Females,2007 to 2009,82.9
"Renfrew County and District Health Unit, Ontario",Females,2008 to 2010,85.0
"Renfrew County and District Health Unit, Ontario",Females,2009 to 2011,83.9
"Renfrew County and District Health Unit, Ontario",Females,2010 to 2012,83.8
"Renfrew County and District Health Unit, Ontario",Females,2011 to 2013,83.7
"Renfrew County and District Health Unit, Ontario",Females,2012 to 2014,83.8
"Renfrew County and District Health Unit, Ontario",Females,2013 to 2015,83.4
"Renfrew County and District Health Unit, Ontario",Females,2014 to 2016,83.2
"Eastern Ontario Health Unit, Ontario",Males,2005 to 2007,77.3
"Eastern Ontario Health Unit, Ontario",Males,2006 to 2008,77.0
"Eastern Ontario Health Unit, Ontario",Males,2007 to 2009,77.3
"Eastern Ontario Health Unit, Ontario",Males,2008 to 2010,78.1
"Eastern Ontario Health Unit, Ontario",Males,2009 to 2011,78.3
"Eastern Ontario Health Unit, Ontario",Males,2010 to 2012,78.3
"Eastern Ontario Health Unit, Ontario",Males,2011 to 2013,78.5
"Eastern Ontario Health Unit, Ontario",Males,2012 to 2014,78.5
"Eastern Ontario Health Unit, Ontario",Males,2013 to 2015,78.9
"Eastern Ontario Health Unit, Ontario",Males,2014 to 2016,78.9
"Eastern Ontario Health Unit, Ontario",Females,2005 to 2007,81.9
"Eastern Ontario Health Unit, Ontario",Females,2006 to 2008,82.3
"Eastern Ontario Health Unit, Ontario",Females,2007 to 2009,82.4
"Eastern Ontario Health Unit, Ontario",Females,2008 to 2010,82.8
"Eastern Ontario Health Unit, Ontario",Females,2009 to 2011,82.7
"Eastern Ontario Health Unit, Ontario",Females,2010 to 2012,82.9
"Eastern Ontario Health Unit, Ontario",Females,2011 to 2013,83.2
"Eastern Ontario Health Unit, Ontario",Females,2012 to 2014,83.0
"Eastern Ontario Health Unit, Ontario",Females,2013 to 2015,82.7
"Eastern Ontario Health Unit, Ontario",Females,2014 to 2016,83.1
"Simcoe Muskoka District Health Unit, Ontario",Males,2005 to 2007,78.0
"Simcoe Muskoka District Health Unit, Ontario",Males,2006 to 2008,78.0
"Simcoe Muskoka District Health Unit, Ontario",Males,2007 to 2009,78.2
"Simcoe Muskoka District Health Unit, Ontario",Males,2008 to 2010,79.1
"Simcoe Muskoka District Health Unit, Ontario",Males,2009 to 2011,78.8
"Simcoe Muskoka District Health Unit, Ontario",Males,2010 to 2012,79.1
"Simcoe Muskoka District Health Unit, Ontario",Males,2011 to 2013,79.5
"Simcoe Muskoka District Health Unit, Ontario",Males,2012 to 2014,79.7
"Simcoe Muskoka District Health Unit, Ontario",Males,2013 to 2015,79.8
"Simcoe Muskoka District Health Unit, Ontario",Males,2014 to 2016,79.8
"Simcoe Muskoka District Health Unit, Ontario",Females,2005 to 2007,82.7
"Simcoe Muskoka District Health Unit, Ontario",Females,2006 to 2008,82.6
"Simcoe Muskoka District Health Unit, Ontario",Females,2007 to 2009,82.8
"Simcoe Muskoka District Health Unit, Ontario",Females,2008 to 2010,83.7
"Simcoe Muskoka District Health Unit, Ontario",Females,2009 to 2011,83.4
"Simcoe Muskoka District Health Unit, Ontario",Females,2010 to 2012,83.6
"Simcoe Muskoka District Health Unit, Ontario",Females,2011 to 2013,83.6
"Simcoe Muskoka District Health Unit, Ontario",Females,2012 to 2014,83.4
"Simcoe Muskoka District Health Unit, Ontario",Females,2013 to 2015,83.3
"Simcoe Muskoka District Health Unit, Ontario",Females,2014 to 2016,83.5
"Sudbury and District Health Unit, Ontario",Males,2005 to 2007,76.6
"Sudbury and District Health Unit, Ontario",Males,2006 to 2008,76.5
"Sudbury and District Health Unit, Ontario",Males,2007 to 2009,76.5
"Sudbury and District Health Unit, Ontario",Males,2008 to 2010,77.0
"Sudbury and District Health Unit, Ontario",Males,2009 to 2011,76.7
"Sudbury and District Health Unit, Ontario",Males,2010 to 2012,77.0
"Sudbury and District Health Unit, Ontario",Males,2011 to 2013,77.0
"Sudbury and District Health Unit, Ontario",Males,2012 to 2014,77.0
"Sudbury and District Health Unit, Ontario",Males,2013 to 2015,77.1
"Sudbury and District Health Unit, Ontario",Males,2014 to 2016,77.2
"Sudbury and District Health Unit, Ontario",Females,2005 to 2007,81.4
"Sudbury and District Health Unit, Ontario",Females,2006 to 2008,81.4
"Sudbury and District Health Unit, Ontario",Females,2007 to 2009,81.4
"Sudbury and District Health Unit, Ontario",Females,2008 to 2010,82.6
"Sudbury and District Health Unit, Ontario",Females,2009 to 2011,81.5
"Sudbury and District Health Unit, Ontario",Females,2010 to 2012,81.8
"Sudbury and District Health Unit, Ontario",Females,2011 to 2013,81.5
"Sudbury and District Health Unit, Ontario",Females,2012 to 2014,81.8
"Sudbury and District Health Unit, Ontario",Females,2013 to 2015,81.9
"Sudbury and District Health Unit, Ontario",Females,2014 to 2016,82.5
"Thunder Bay District Health Unit, Ontario",Males,2005 to 2007,76.8
"Thunder Bay District Health Unit, Ontario",Males,2006 to 2008,75.9
"Thunder Bay District Health Unit, Ontario",Males,2007 to 2009,76.0
"Thunder Bay District Health Unit, Ontario",Males,2008 to 2010,76.7
"Thunder Bay District Health Unit, Ontario",Males,2009 to 2011,76.2
"Thunder Bay District Health Unit, Ontario",Males,2010 to 2012,76.5
"Thunder Bay District Health Unit, Ontario",Males,2011 to 2013,76.7
"Thunder Bay District Health Unit, Ontario",Males,2012 to 2014,76.8
"Thunder Bay District Health Unit, Ontario",Males,2013 to 2015,76.9
"Thunder Bay District Health Unit, Ontario",Males,2014 to 2016,76.8
"Thunder Bay District Health Unit, Ontario",Females,2005 to 2007,81.5
"Thunder Bay District Health Unit, Ontario",Females,2006 to 2008,81.5
"Thunder Bay District Health Unit, Ontario",Females,2007 to 2009,81.8
"Thunder Bay District Health Unit, Ontario",Females,2008 to 2010,82.6
"Thunder Bay District Health Unit, Ontario",Females,2009 to 2011,81.2
"Thunder Bay District Health Unit, Ontario",Females,2010 to 2012,81.2
"Thunder Bay District Health Unit, Ontario",Females,2011 to 2013,81.2
"Thunder Bay District Health Unit, Ontario",Females,2012 to 2014,81.3
"Thunder Bay District Health Unit, Ontario",Females,2013 to 2015,81.1
"Thunder Bay District Health Unit, Ontario",Females,2014 to 2016,80.9
"Timiskaming Health Unit, Ontario",Males,2005 to 2007,75.7
"Timiskaming Health Unit, Ontario",Males,2006 to 2008,75.4
"Timiskaming Health Unit, Ontario",Males,2007 to 2009,76.0
"Timiskaming Health Unit, Ontario",Males,2008 to 2010,76.8
"Timiskaming Health Unit, Ontario",Males,2009 to 2011,75.7
"Timiskaming Health Unit, Ontario",Males,2010 to 2012,75.3
"Timiskaming Health Unit, Ontario",Males,2011 to 2013,75.4
"Timiskaming Health Unit, Ontario",Males,2012 to 2014,75.4
"Timiskaming Health Unit, Ontario",Males,2013 to 2015,75.7
"Timiskaming Health Unit, Ontario",Males,2014 to 2016,75.6
"Timiskaming Health Unit, Ontario",Females,2005 to 2007,80.9
"Timiskaming Health Unit, Ontario",Females,2006 to 2008,81.0
"Timiskaming Health Unit, Ontario",Females,2007 to 2009,81.7
"Timiskaming Health Unit, Ontario",Females,2008 to 2010,83.1
"Timiskaming Health Unit, Ontario",Females,2009 to 2011,81.6
"Timiskaming Health Unit, Ontario",Females,2010 to 2012,82.1
"Timiskaming Health Unit, Ontario",Females,2011 to 2013,82.5
"Timiskaming Health Unit, Ontario",Females,2012 to 2014,82.7
"Timiskaming Health Unit, Ontario",Females,2013 to 2015,82.2
"Timiskaming Health Unit, Ontario",Females,2014 to 2016,81.8
"Waterloo Health Unit, Ontario",Males,2005 to 2007,79.1
"Waterloo Health Unit, Ontario",Males,2006 to 2008,79.2
"Waterloo Health Unit, Ontario",Males,2007 to 2009,79.3
"Waterloo Health Unit, Ontario",Males,2008 to 2010,80.3
"Waterloo Health Unit, Ontario",Males,2009 to 2011,79.8
"Waterloo Health Unit, Ontario",Males,2010 to 2012,80.1
"Waterloo Health Unit, Ontario",Males,2011 to 2013,80.1
"Waterloo Health Unit, Ontario",Males,2012 to 2014,80.2
"Waterloo Health Unit, Ontario",Males,2013 to 2015,80.1
"Waterloo Health Unit, Ontario",Males,2014 to 2016,80.3
"Waterloo Health Unit, Ontario",Females,2005 to 2007,83.3
"Waterloo Health Unit, Ontario",Females,2006 to 2008,83.5
"Waterloo Health Unit, Ontario",Females,2007 to 2009,83.7
"Waterloo Health Unit, Ontario",Females,2008 to 2010,84.7
"Waterloo Health Unit, Ontario",Females,2009 to 2011,83.9
"Waterloo Health Unit, Ontario",Females,2010 to 2012,84.0
"Waterloo Health Unit, Ontario",Females,2011 to 2013,84.2
"Waterloo Health Unit, Ontario",Females,2012 to 2014,84.1
"Waterloo Health Unit, Ontario",Females,2013 to 2015,84.0
"Waterloo Health Unit, Ontario",Females,2014 to 2016,83.7
"Wellington-Dufferin-Guelph Health Unit, Ontario",Males,2005 to 2007,79.3
"Wellington-Dufferin-Guelph Health Unit, Ontario",Males,2006 to 2008,79.0
"Wellington-Dufferin-Guelph Health Unit, Ontario",Males,2007 to 2009,79.1
"Wellington-Dufferin-Guelph Health Unit, Ontario",Males,2008 to 2010,79.7
"Wellington-Dufferin-Guelph Health Unit, Ontario",Males,2009 to 2011,79.8
"Wellington-Dufferin-Guelph Health Unit, Ontario",Males,2010 to 2012,79.8
"Wellington-Dufferin-Guelph Health Unit, Ontario",Males,2011 to 2013,80.0
"Wellington-Dufferin-Guelph Health Unit, Ontario",Males,2012 to 2014,79.8
"Wellington-Dufferin-Guelph Health Unit, Ontario",Males,2013 to 2015,80.0
"Wellington-Dufferin-Guelph Health Unit, Ontario",Males,2014 to 2016,80.1
"Wellington-Dufferin-Guelph Health Unit, Ontario",Females,2005 to 2007,82.8
"Wellington-Dufferin-Guelph Health Unit, Ontario",Females,2006 to 2008,82.7
"Wellington-Dufferin-Guelph Health Unit, Ontario",Females,2007 to 2009,83.1
"Wellington-Dufferin-Guelph Health Unit, Ontario",Females,2008 to 2010,84.0
"Wellington-Dufferin-Guelph Health Unit, Ontario",Females,2009 to 2011,83.6
"Wellington-Dufferin-Guelph Health Unit, Ontario",Females,2010 to 2012,83.5
"Wellington-Dufferin-Guelph Health Unit, Ontario",Females,2011 to 2013,83.5
"Wellington-Dufferin-Guelph Health Unit, Ontario",Females,2012 to 2014,83.4
"Wellington-Dufferin-Guelph Health Unit, Ontario",Females,2013 to 2015,83.4
"Wellington-Dufferin-Guelph Health Unit, Ontario",Females,2014 to 2016,83.6
"Windsor-Essex County Health Unit, Ontario",Males,2005 to 2007,78.3
"Windsor-Essex County Health Unit, Ontario",Males,2006 to 2008,78.1
"Windsor-Essex County Health Unit, Ontario",Males,2007 to 2009,78.4
"Windsor-Essex County Health Unit, Ontario",Males,2008 to 2010,79.4
"Windsor-Essex County Health Unit, Ontario",Males,2009 to 2011,79.0
"Windsor-Essex County Health Unit, Ontario",Males,2010 to 2012,79.1
"Windsor-Essex County Health Unit, Ontario",Males,2011 to 2013,79.1
"Windsor-Essex County Health Unit, Ontario",Males,2012 to 2014,79.1
"Windsor-Essex County Health Unit, Ontario",Males,2013 to 2015,79.7
"Windsor-Essex County Health Unit, Ontario",Males,2014 to 2016,79.7
"Windsor-Essex County Health Unit, Ontario",Females,2005 to 2007,82.5
"Windsor-Essex County Health Unit, Ontario",Females,2006 to 2008,82.4
"Windsor-Essex County Health Unit, Ontario",Females,2007 to 2009,82.7
"Windsor-Essex County Health Unit, Ontario",Females,2008 to 2010,84.2
"Windsor-Essex County Health Unit, Ontario",Females,2009 to 2011,83.5
"Windsor-Essex County Health Unit, Ontario",Females,2010 to 2012,83.6
"Windsor-Essex County Health Unit, Ontario",Females,2011 to 2013,83.8
"Windsor-Essex County Health Unit, Ontario",Females,2012 to 2014,83.7
"Windsor-Essex County Health Unit, Ontario",Females,2013 to 2015,83.7
"Windsor-Essex County Health Unit, Ontario",Females,2014 to 2016,83.6
"York Regional Health Unit, Ontario",Males,2005 to 2007,81.8
"York Regional Health Unit, Ontario",Males,2006 to 2008,81.8
"York Regional Health Unit, Ontario",Males,2007 to 2009,82.0
"York Regional Health Unit, Ontario",Males,2008 to 2010,83.7
"York Regional Health Unit, Ontario",Males,2009 to 2011,82.9
"York Regional Health Unit, Ontario",Males,2010 to 2012,83.5
"York Regional Health Unit, Ontario",Males,2011 to 2013,83.6
"York Regional Health Unit, Ontario",Males,2012 to 2014,83.6
"York Regional Health Unit, Ontario",Males,2013 to 2015,83.6
"York Regional Health Unit, Ontario",Males,2014 to 2016,83.8
"York Regional Health Unit, Ontario",Females,2005 to 2007,85.2
"York Regional Health Unit, Ontario",Females,2006 to 2008,85.3
"York Regional Health Unit, Ontario",Females,2007 to 2009,85.6
"York Regional Health Unit, Ontario",Females,2008 to 2010,87.3
"York Regional Health Unit, Ontario",Females,2009 to 2011,86.2
"York Regional Health Unit, Ontario",Females,2010 to 2012,86.5
"York Regional Health Unit, Ontario",Females,2011 to 2013,86.9
"York Regional Health Unit, Ontario",Females,2012 to 2014,86.8
"York Regional Health Unit, Ontario",Females,2013 to 2015,87.0
"York Regional Health Unit, Ontario",Females,2014 to 2016,86.9
"City of Toronto Health Unit, Ontario",Males,2005 to 2007,79.9
"City of Toronto Health Unit, Ontario",Males,2006 to 2008,80.0
"City of Toronto Health Unit, Ontario",Males,2007 to 2009,80.1
"City of Toronto Health Unit, Ontario",Males,2008 to 2010,81.5
"City of Toronto Health Unit, Ontario",Males,2009 to 2011,80.8
"City of Toronto Health Unit, Ontario",Males,2010 to 2012,81.3
"City of Toronto Health Unit, Ontario",Males,2011 to 2013,81.7
"City of Toronto Health Unit, Ontario",Males,2012 to 2014,81.8
"City of Toronto Health Unit, Ontario",Males,2013 to 2015,82.0
"City of Toronto Health Unit, Ontario",Males,2014 to 2016,82.1
"City of Toronto Health Unit, Ontario",Females,2005 to 2007,84.8
"City of Toronto Health Unit, Ontario",Females,2006 to 2008,84.8
"City of Toronto Health Unit, Ontario",Females,2007 to 2009,84.8
"City of Toronto Health Unit, Ontario",Females,2008 to 2010,86.8
"City of Toronto Health Unit, Ontario",Females,2009 to 2011,85.7
"City of Toronto Health Unit, Ontario",Females,2010 to 2012,86.0
"City of Toronto Health Unit, Ontario",Females,2011 to 2013,86.4
"City of Toronto Health Unit, Ontario",Females,2012 to 2014,86.5
"City of Toronto Health Unit, Ontario",Females,2013 to 2015,86.7
"City of Toronto Health Unit, Ontario",Females,2014 to 2016,87.0
